Workbook
Name eztoc197723_2: 'общо събрание'!$A$4
Name eztoc197723_3: 'общо събрание'!$A$7
Name eztoc197723_4: 'общо събрание'!$A$15
Name eztoc197723_5: 'общо събрание'!$A$23

Sheet main_database
A1: Name | B1: CV | C1: NACID | D1: SCOPUS | E1: Academic_title | F1: Advisor | G1: Joury_head | H1: Department | I1: PHD_from_FEBA | J1: Gender | K1: PHD_Awarded | L1: FIRST_PT_FEBA | M1: WORKED_OUTSIDE_OF_FEBA | N1: PHD_FROM_UNWE | O1: AI | P1: AI_corr | Q1: Time_from_phd_to_FEBA | R1: Q1_Scopus | S1: Scopus_all | T1: International_collaboration | U1: Only_national_collab | V1: Only_institutional_collaboration | W1: only_author | Z1: YES
A2: д-р Димитър Златинов | B2: https://www.uni-sofia.bg/index.php/bul/content/download/346778/2228517/version/1/file/CV+DZlatinov+BG+18.01.2026.pdf | C2: https://ras.nacid.bg/dissertation-preview/43740 | D2: https://www.scopus.com/authid/detail.uri?authorId=57200674599 | E2: Доц. | F2: Мариела Ненова-Амар | G2: Теодор Седларски | H2: Economics | I2: YES | J2: 1 | K2: 42348 | L2: 42188 | M2: YES | N2: NO | O2: =IF(I2="YES",1,0) -> 1 | P2: 1 | Q2: =K2-L2 -> 160 | R2: 0 | S2: 17 | T2: 0 | U2: 0.625 | V2: 0.188 | W2: =IF(S2>0,1-(T2+U2+V2),0) -> 0.187 | Z2: NO
A3: д-р Теодор Седларски | B3: https://www.uni-sofia.bg/index.php/bul/universitet_t/fakulteti/stopanski_fakultet/katedri_i_akademichen_s_stav/katedri/ikonomika/prepodavateli_katedra_ikonomika/prof_d_r_teodor_sedlarski | C3: https://ras.nacid.bg/dissertation-preview/37884 | D3: https://www.scopus.com/authid/detail.uri?authorId=57203805215&origin=resultslist | E3: Проф. | F3: Нансен Бахар | G3: No info | H3: Economics | I3: YES | J3: 1 | K3: 40294 | L3: 38701 | M3: YES | N3: NO | O3: =IF(I3="YES",1,0) -> 1 | P3: =IF(I3="YES",IF(L3-K3<365,1,0),0) -> 1 | Q3: =K3-L3 -> 1593 | R3: 0 | S3: 4 | T3: 1 | U3: 0 | V3: 0 | W3: =IF(S3>0,1-(T3+U3+V3),0) -> 0 | Z3: NO INFO
A4: д-р Ваня Иванова | B4: https://www.uni-sofia.bg/index.php/bul/content/download/276848/1810560/version/1/file/CV-V.Ivanova.pdf | C4: https://ras.nacid.bg/dissertation-preview/23280 | D4: https://www.scopus.com/authid/detail.uri?authorId=57832339600 | E4: Проф. | F4: проф. дикн Стоядин Савов | G4: проф. дикн Велко Mаринов | H4: Economics | I4: NO | J4: 0 | K4: 35576 | L4: 44845 | M4: YES | N4: NO | O4: =IF(I4="YES",1,0) -> 0 | P4: =IF(I4="YES",IF(L4-K4<365,1,0),0) -> 0 | Q4: =K4-L4 -> -9269 | R4: 0 | S4: 7 | T4: 0 | U4: 0.167 | V4: 0.667 | W4: =IF(S4>0,1-(T4+U4+V4),0) -> 0.166 | Z4: N/a
A5: д-р Милен Велушев | B5: https://www.uni-sofia.bg/index.php/bul/content/download/262963/1727823/version/1/file/CV-MB-bg+%281%29.pdf | C5: https://ras.nacid.bg/dissertation-preview/44000 | D5: https://www.scopus.com/authid/detail.uri?authorId=57614198900&origin=recordpage | E5: Доц. | F5: Стефан Петранов | G5: Доц. д-р Теодор Седларски | H5: Economics | I5: YES | J5: 1 | K5: 42429 | L5: 42257 | M5: NO | N5: NO | O5: =IF(I5="YES",1,0) -> 1 | P5: =IF(I5="YES",IF(L5-K5<365,1,0),0) -> 1 | Q5: =K5-L5 -> 172 | R5: 0 | S5: 1 | T5: 0 | U5: 1 | V5: 0 | W5: =IF(S5>0,1-(T5+U5+V5),0) -> 0
A6: д-р Соня Цветанова Георгиева | B6: https://www.uni-sofia.bg/index.php/bul/universitet_t/fakulteti/stopanski_fakultet/katedri_i_akademichen_s_stav/katedri/ikonomika/prepodavateli_katedra_ikonomika/doc_d_r_sonya_cvetanova_georgieva | C6: https://ras.nacid.bg/dissertation-preview/31155 | D6: https://www.scopus.com/authid/detail.uri?authorId=57222148408 | E6: Доц. | F6: Ненчо Димов | G6: Веселин Хаджиниколов | H6: Economics | I6: NO | J6: 0 | K6: 33428 | L6: 36145 | M6: YES | N6: NO | O6: =IF(I6="YES",1,0) -> 0 | P6: =IF(I6="YES",IF(L6-K6<365,1,0),0) -> 0 | Q6: =K6-L6 -> -2717 | R6: 0 | S6: 12 | T6: 0.083 | U6: 0.25 | V6: 0.417 | W6: =IF(S6>0,1-(T6+U6+V6),0) -> 0.25
A7: д-р Стела Ралева | B7: https://www.uni-sofia.bg/index.php/bul/content/download/253422/1669051/version/1/file/CV_Stela+Raleva__Bg.pdf | C7: https://ras.nacid.bg/dissertation-preview/27544 | D7: https://www.scopus.com/authid/detail.uri?authorId=56806829900&origin=resultslist | E7: Доц. | F7: Стати Василев Статев | G7: No info | H7: Economics | I7: NO | J7: 0 | K7: 38404 | L7: 44375 | M7: YES | N7: YES | O7: =IF(I7="YES",1,0) -> 0 | P7: =IF(I7="YES",IF(L7-K7<365,1,0),0) -> 0 | Q7: =K7-L7 -> -5971 | R7: 0 | S7: 5 | T7: 0 | U7: 0 | V7: 0.75 | W7: =IF(S7>0,1-(T7+U7+V7),0) -> 0.25
A8: д-р Цветан Мадански | B8: https://www.uni-sofia.bg/index.php/bul/content/download/294794/1919570/version/1/file/CV+-+%D0%A6%D0%B2%D0%B5%D1%82%D0%B0%D0%BD+%D0%9C%D0%B0%D0%B4%D0%B0%D0%BD%D1%81%D0%BA%D0%B8.pdf | C8: https://ras.nacid.bg/dissertation-preview/47652 | E8: Доц. | F8: Тодор Попов | G8: Желю Владимиров | H8: Economics | I8: YES | J8: 1 | K8: 43291 | L8: 43777 | M8: NO | N8: NO | O8: =IF(I8="YES",1,0) -> 1 | P8: =IF(I8="YES",IF(L8-K8<365,1,0),0) -> 0 | Q8: =K8-L8 -> -486 | R8: 0 | S8: 0 | T8: 0 | U8: 0 | V8: 0 | W8: =IF(S8>0,1-(T8+U8+V8),0) -> 0
A9: д-р Даниел Касабов | B9: https://www.uni-sofia.bg/index.php/bul/content/download/261454/1718561/version/1/file/CV+Daniel+Kasabov+-+BG.pdf | C9: https://ras.nacid.bg/dissertation-preview/49605 | D9: https://www.scopus.com/authid/detail.uri?authorId=59293941200&origin=resultslist | E9: Гл. ас. | F9: Петър Пандушев Чобанов | G9: Петър Пандушев Чобанов | H9: Economics | I9: NO | J9: 1 | K9: 43668 | L9: 44522 | M9: YES | N9: YES | O9: =IF(I9="YES",1,0) -> 0 | P9: =IF(I9="YES",IF(L9-K9<365,1,0),0) -> 0 | Q9: =365*3 -> 1095 | R9: 0 | S9: 1 | T9: 0 | U9: 0 | V9: 0 | W9: =IF(S9>0,1-(T9+U9+V9),0) -> 1
A10: д-р Илия Атанасов | B10: https://www.uni-sofia.bg/index.php/bul/content/download/249378/1644449/version/1/file/%D0%98%D0%BB%D0%B8%D1%8F+%D0%90%D1%82%D0%B0%D0%BD%D0%B0%D1%81%D0%BE%D0%B2+CV-BG.pdf | C10: https://ras.nacid.bg/dissertation-preview/61990 | D10: https://www.scopus.com/authid/detail.uri?authorId=57215082661 | E10: Гл. ас. | F10: Георги Димитров Менгов | G10: Димитър Златинов | H10: Economics | I10: YES | J10: 1 | K10: 44187 | L10: 43222 | M10: NO | N10: NO | O10: =IF(I10="YES",1,0) -> 1 | P10: =IF(I10="YES",IF(L10-K10<365,1,0),0) -> 1 | Q10: =K10-L10 -> 965 | R10: 0 | S10: 8 | T10: 0 | U10: 0.429 | V10: 0.429 | W10: =IF(S10>0,1-(T10+U10+V10),0) -> 0.142
A11: д-р Росица Златинска | B11: https://www.uni-sofia.bg/index.php/bul/content/download/296762/1931221/version/1/file/CV+BG+-+%D0%A0%D0%BE%D1%81%D0%B8%D1%86%D0%B0+%D0%97%D0%BB%D0%B0%D1%82%D0%B8%D0%BD%D1%81%D0%BA%D0%B0.pdf | C11: https://ras.nacid.bg/dissertation-preview/45870 | D11: https://www.scopus.com/authid/detail.uri?authorId=57416479900 | E11: Гл. ас. | F11: Пенчо Денчев Пенчев | G11: Пенчо Денчев Пенчев | H11: Economics | I11: NO | J11: 0 | K11: 42877 | L11: 45208 | M11: YES | N11: YES | O11: =IF(I11="YES",1,0) -> 0 | P11: =IF(I11="YES",IF(L11-K11<365,1,0),0) -> 0 | Q11: =K11-L11 -> -2331 | R11: 0 | S11: 6 | T11: 0 | U11: 0 | V11: 0.2 | W11: =IF(S11>0,1-(T11+U11+V11),0) -> 0.8
A12: д-р Любен Иванов | B12: https://www.uni-sofia.bg/index.php/bul/content/download/295181/1922122/version/1/file/Lyuben+Ivanov+CV+%28bg%29.pdf | C12: https://ras.nacid.bg/dissertation-preview/46596 | E12: Гл. ас. | F12: Георги Савов Чобанов | G12: Стефан Петранов | H12: Economics | I12: YES | J12: 1 | K12: 43039 | L12: 40339 | M12: YES | N12: NO | O12: =IF(I12="YES",1,0) -> 1 | P12: =IF(I12="YES",IF(L12-K12<365,1,0),0) -> 1 | Q12: =K12-L12 -> 2700 | R12: 0 | S12: 0 | T12: 0 | U12: 0 | V12: 0 | W12: =IF(S12>0,1-(T12+U12+V12),0) -> 0
A13: д-р Стоян Шаламанов | B13: https://www.uni-sofia.bg/index.php/bul/content/download/249404/1644567/version/1/file/3.CV_BG+5.pdf | C13: https://ras.nacid.bg/dissertation-preview/46590 | D13: https://www.scopus.com/authid/detail.uri?authorId=57996430300&origin=resultslist | E13: Гл. ас. | F13: Трайчо Стефанов Спасов | G13: Екатерина Стефанова Сотирова-Петкова | H13: Economics | I13: NO | J13: 1 | K13: 43017 | L13: 43780 | M13: YES | N13: YES | O13: =IF(I13="YES",1,0) -> 0 | P13: =IF(I13="YES",IF(L13-K13<365,1,0),0) -> 0 | Q13: =K13-L13 -> -763 | R13: 0 | S13: 4 | T13: 0 | U13: 0.333 | V13: 0.333 | W13: =IF(S13>0,1-(T13+U13+V13),0) -> 0.334
A14: д-р Радостина Ивчева-Георгиева | B14: https://www.uni-sofia.bg/index.php/bul/content/download/297402/1935034/version/1/file/CV+-+%D0%A0%D0%B0%D0%B4%D0%BE%D1%81%D1%82%D0%B8%D0%BD%D0%B0+%D0%98%D0%B2%D1%87%D0%B5%D0%B2%D0%B0.pdf | C14: https://ras.nacid.bg/dissertation-preview/70392 | D14: https://www.scopus.com/authid/detail.uri?authorId=57615520700&origin=resultslist | E14: Ас. | F14: Стефан Петранов | G14: Стела Ралева | H14: Economics | I14: YES | J14: 0 | K14: 45915 | L14: 45201 | M14: NO | N14: NO | O14: =IF(I14="YES",1,0) -> 1 | P14: =IF(I14="YES",IF(L14-K14<365,1,0),0) -> 1 | Q14: =K14-L14 -> 714 | R14: 0 | S14: 3 | T14: 0 | U14: 0.667 | V14: 0 | W14: =IF(S14>0,1-(T14+U14+V14),0) -> 0.333
A15: Диляна Славова | B15: No | C15: https://ras.nacid.bg/dissertation-preview/74744 | D15: No | E15: Ас. | F15: Димитър Златинов | G15: N/a | H15: Economics | I15: YES | J15: 0 | K15: =L15+365*5 -> 47763 | L15: 45938 | M15: NO INFO | N15: NO INFO | O15: =IF(I15="YES",1,0) -> 1 | P15: =IF(I15="YES",IF(L15-K15<365,1,0),0) -> 1 | Q15: =K15-L15 -> 1825 | R15: 0 | S15: 0 | T15: 0 | U15: 0 | V15: 0 | W15: =IF(S15>0,1-(T15+U15+V15),0) -> 0
A16: Илия Лингорски | B16: https://www.uni-sofia.bg/index.php/bul/content/download/297404/1935042/version/1/file/IL_CV_BG.pdf | C16: https://ras.nacid.bg/dissertation-preview/69769 | D16: No | E16: Ас. | F16: Стела Ралева | G16: N/a | H16: Economics | I16: YES | J16: 1 | K16: =L16+365*5 -> 47030 | L16: 45205 | M16: YES | N16: NO | O16: =IF(I16="YES",1,0) -> 1 | P16: =IF(I16="YES",IF(L16-K16<365,1,0),0) -> 1 | Q16: =K16-L16 -> 1825 | R16: 0 | S16: 0 | T16: 0 | U16: 0 | V16: 0 | W16: =IF(S16>0,1-(T16+U16+V16),0) -> 0
A17: Лидия Кабатлийска-Андонова | B17: https://www.uni-sofia.bg/index.php/bul/content/download/279136/1824366/version/1/file/CV_Lidiya+Kabatliyska_BG.pdf | C17: https://ras.nacid.bg/dissertation-preview/67487 | D17: No | E17: Ас. | F17: Стела Ралева | G17: N/a | H17: Economics | I17: YES | J17: 0 | K17: =L17+354*5 -> 46632 | L17: 44862 | M17: NO | N17: NO | O17: =IF(I17="YES",1,0) -> 1 | P17: =IF(I17="YES",IF(L17-K17<365,1,0),0) -> 1 | Q17: =K17-L17 -> 1770 | R17: 0 | S17: 0 | T17: 0 | U17: 0 | V17: 0 | W17: =IF(S17>0,1-(T17+U17+V17),0) -> 0
A18: д-р Олимпия Ведър-Величкова | B18: No | C18: https://ras.nacid.bg/dissertation-preview/43162 | D18: https://www.scopus.com/authid/detail.uri?authorId=60184186700&origin=resultslist | E18: Доц. | F18: Цветан Първанов Давидков | G18: Иванка Тодорова Мавродиева-Георгиева | H18: BA | I18: YES | J18: 0 | K18: 42185 | L18: 34710 | M18: NO | N18: NO | O18: =IF(I18="YES",1,0) -> 1 | P18: =IF(I18="YES",IF(L18-K18<365,1,0),0) -> 1 | Q18: =K18-L18 -> 7475 | R18: 0 | S18: 1 | T18: 0 | U18: 0 | V18: 0 | W18: =IF(S18>0,1-(T18+U18+V18),0) -> 1
A19: д.ик.н. Желю Владимиров | B19: https://www.uni-sofia.bg/index.php/bul/content/download/253686/1670765/version/1/file/0d_CV_%D0%96%D0%B5%D0%BB%D1%8E_%D0%92%D0%BB%D0%B0%D0%B4%D0%B8%D0%BC%D0%B8%D1%80%D0%BE%D0%B2_%D0%A1%D1%82%D0%A4.pdf | C19: https://ras.nacid.bg/dissertation-preview/13336 | D19: https://www.scopus.com/authid/detail.uri?authorId=36783781200&origin=resultslist | E19: Проф. | F19: Михаил Николаевич Руткевич | G19: Юрий Евгеньевич Волков | H19: BA | I19: NO | J19: 1 | K19: 31728 | L19: 36161 | M19: YES | N19: NO | O19: =IF(I19="YES",1,0) -> 0 | P19: =IF(I19="YES",IF(L19-K19<365,1,0),0) -> 0 | Q19: . | R19: 2 | S19: 17 | T19: 0.091 | U19: 0 | V19: 0.364 | W19: =IF(S19>0,1-(T19+U19+V19),0) -> 0.545
A20: д.ик.н. Невяна Кръстева | B20: https://www.uni-sofia.bg/index.php/bul/content/download/56798/466586/version/2/file/CV-NevyanaKrusteva2011.pdf | C20: https://ras.nacid.bg/dissertation-preview/13764 | D20: https://www.scopus.com/authid/detail.uri?authorId=59123107300&origin=resultslist | E20: Проф. | F20: Димитър Стоянов | G20: Гр. Желев | H20: BA | I20: NO | J20: 0 | K20: 32457 | L20: 36549 | M20: YES | N20: YES | O20: =IF(I20="YES",1,0) -> 0 | P20: =IF(I20="YES",IF(L20-K20<365,1,0),0) -> 0 | Q20: =K20-L20 -> -4092 | R20: 0 | S20: 5 | T20: 0 | U20: 0.5 | V20: 0 | W20: =IF(S20>0,1-(T20+U20+V20),0) -> 0.5
A21: д.ик.н. Десислава Йорданова | B21: https://www.uni-sofia.bg/index.php/bul/content/download/233490/1553846/version/1/file/CV_DYordanova.pdf | C21: https://ras.nacid.bg/dissertation-preview/41048 | D21: https://www.scopus.com/authid/detail.uri?authorId=58631627900&origin=resultslist | E21: Проф. | F21: Мария-Антония Таразон Родон | G21: Хуан Хосе Хименес | H21: BA | I21: NO | J21: 0 | K21: 41470 | L21: 39253 | M21: NO | N21: NO | O21: =IF(I21="YES",1,0) -> 0 | P21: =IF(I21="YES",IF(L21-K21<365,1,0),0) -> 0 | Q21: =K21-L21 -> 2217 | R21: 5 | S21: 23 | T21: 0.5 | U21: 0 | V21: 0.312 | W21: =IF(S21>0,1-(T21+U21+V21),0) -> 0.188
A22: д-р Владя Борисова | B22: No | C22: https://ras.nacid.bg/dissertation-preview/30186 | D22: https://www.scopus.com/authid/detail.uri?authorId=57202109484&origin=resultslist | E22: Проф. | F22: Божана Неделчева | G22: Пано Лулански | H22: BA | I22: NO | J22: 0 | K22: 38933 | L22: 44713 | M22: YES | N22: NO INFO | O22: =IF(I22="YES",1,0) -> 0 | P22: =IF(I22="YES",IF(L22-K22<365,1,0),0) -> 0 | Q22: =K22-L22 -> -5780 | R22: 1 | S22: 4 | T22: 0 | U22: 0 | V22: 0 | W22: =IF(S22>0,1-(T22+U22+V22),0) -> 1
A23: д-р Мирослава Христова | B23: No | C23: https://ras.nacid.bg/dissertation-preview/30905 | D23: https://www.scopus.com/authid/detail.uri?authorId=57203705327&origin=resultslist | E23: Доц. | F23: Жан-Пиер Ньово | G23: Жером Каби | H23: BA | I23: NO | J23: 0 | K23: 39546 | L23: 38643 | M23: NO | N23: NO | O23: =IF(I23="YES",1,0) -> 0 | P23: =IF(I23="YES",IF(L23-K23<365,1,0),0) -> 0 | Q23: =K23-L23 -> 903 | R23: 0 | S23: 1 | T23: 0 | U23: 0 | V23: 0 | W23: =IF(S23>0,1-(T23+U23+V23),0) -> 1
A24: д-р Тодор Ялъмов | B24: https://csd.eu/bg/experts/expert/Todor-Yalamov/ | C24: https://ras.nacid.bg/dissertation-preview/43001 | D24: https://www.scopus.com/authid/detail.uri?authorId=57364084200&origin=resultslist | E24: Доц. | F24: Анастасия Миланова Бънкова | G24: Цветан Първанов Давидков | H24: BA | I24: YES | J24: 1 | K24: 42165 | L24: 42746 | M24: NO INFO | N24: NO | O24: =IF(I24="YES",1,0) -> 1 | P24: =IF(I24="YES",IF(L24-K24<365,1,0),0) -> 0 | Q24: =K24-L24 -> -581 | R24: 0 | S24: 8 | T24: 0 | U24: 0 | V24: 0.6 | W24: =IF(S24>0,1-(T24+U24+V24),0) -> 0.4
A25: д-р Ия Петкова | B25: No | C25: https://ras.nacid.bg/dissertation-preview/40606 | E25: Доц. | F25: Цветан Първанов Давидков | G25: Желю Дечев Владимиров | H25: BA | I25: YES | J25: 0 | K25: 41533 | L25: 40422 | M25: NO | N25: NO | O25: =IF(I25="YES",1,0) -> 1 | P25: 1 | Q25: 1110 | R25: 0 | S25: 0 | T25: 0 | U25: 0 | V25: 0 | W25: =IF(S25>0,1-(T25+U25+V25),0) -> 0
A26: д-р Иван Ангелов | B26: No | C26: https://ras.nacid.bg/dissertation-preview/47632 | E26: Доц. | F26: Анастасия Миланова Бънкова | G26: Цветан Първанов Давидков | H26: BA | I26: YES | J26: 1 | K26: 43286 | L26: 43530 | M26: NO | N26: NO | O26: =IF(I26="YES",1,0) -> 1 | P26: =IF(I26="YES",IF(L26-K26<365,1,0),0) -> 1 | Q26: =K26-L26 -> -244 | R26: 0 | S26: 0 | T26: 0 | U26: 0 | V26: 0 | W26: =IF(S26>0,1-(T26+U26+V26),0) -> 0
A27: д-р Иванка Михайлова | B27: No | C27: https://ras.nacid.bg/dissertation-preview/47599 | D27: https://www.scopus.com/authid/detail.uri?authorId=59905827700&origin=resultslist | E27: Доц. | F27: Цветан Първанов Давидков | G27: Желю Дечев Владимиров | H27: BA | I27: YES | J27: 0 | K27: 43286 | L27: 40199 | M27: NO | N27: NO | O27: =IF(I27="YES",1,0) -> 1 | P27: =IF(I27="YES",IF(L27-K27<365,1,0),0) -> 1 | Q27: =K27-L27 -> 3087 | R27: 0 | S27: 1 | T27: 0 | U27: 0 | V27: 0 | W27: =IF(S27>0,1-(T27+U27+V27),0) -> 1
A28: д-р Рая Каназирева | B28: No | C28: https://ras.nacid.bg/dissertation-preview/42798 | D28: https://www.scopus.com/authid/detail.uri?authorId=59212397600&origin=resultslist | E28: Доц. | F28: Цветан Първанов Давидков | G28: Десислава Иванова Йорданова | H28: BA | I28: YES | J28: 0 | K28: 42124 | L28: 42655 | M28: NO | N28: NO | O28: =IF(I28="YES",1,0) -> 1 | P28: 0 | Q28: -531 | R28: 0 | S28: 3 | T28: 0.333 | U28: 0 | V28: 0.333 | W28: =IF(S28>0,1-(T28+U28+V28),0) -> 0.334
A29: д-р Кирил Величков | B29: https://www.linkedin.com/in/kiril-velitchkov-phd-7950366/ | C29: https://ras.nacid.bg/dissertation-preview/58317 | E29: Гл. ас. | F29: Магдалена Иванова | G29: Пано Лулански | H29: BA | I29: NO | J29: 1 | K29: 38076 | L29: 45208 | M29: NO | N29: YES | O29: =IF(I29="YES",1,0) -> 0 | P29: =IF(I29="YES",IF(L29-K29<365,1,0),0) -> 0 | Q29: =K29-L29 -> -7132 | R29: 0 | S29: 0 | T29: 0 | U29: 0 | V29: 0 | W29: =IF(S29>0,1-(T29+U29+V29),0) -> 0
A30: д-р Ирена Младенова | B30: No | C30: https://ras.nacid.bg/dissertation-preview/58027 | D30: https://www.scopus.com/authid/detail.uri?authorId=57732422200&origin=resultslist | E30: Гл. ас. | F30: Олимпия Ведър-Величкова | G30: Десислава Иванова Йорданова | H30: BA | I30: YES | J30: 0 | K30: 40199 | L30: 44985 | M30: NO | N30: NO | O30: =IF(I30="YES",1,0) -> 1 | P30: =IF(I30="YES",IF(L30-K30<365,1,0),0) -> 0 | Q30: =K30-L30 -> -4786 | R30: 1 | S30: 9 | T30: 0 | U30: 0.286 | V30: 0.143 | W30: =IF(S30>0,1-(T30+U30+V30),0) -> 0.571
A31: д-р Алексей Потебня | B31: No | C31: https://ras.nacid.bg/dissertation-preview/59979 | D31: https://www.scopus.com/results/results.uri?sort=plf-f&src=s&st1=Potebnya&st2=Aleksey&nlo=1&nlr=20&nls=count-f&sid=001ec1053d2796eedf35ef7a41329b27&sot=anl&sdt=aut&sl=38&s=AU-ID%28%22Potebnya%2C+Aleksey%22+60145455900%29&txGid=69be0c7fa50991a6f3eb3087cd5d2395&sessionSearchId=001ec1053d2796eedf35ef7a41329b27&limit=10 | E31: Гл. ас. | F31: Невяна Кръстева | G31: Десислава Иванова Йорданова | H31: BA | I31: YES | J31: 1 | K31: 45184 | L31: 44498 | M31: NO | N31: NO | O31: =IF(I31="YES",1,0) -> 1 | P31: =IF(I31="YES",IF(L31-K31<365,1,0),0) -> 1 | Q31: =K31-L31 -> 686 | R31: 0 | S31: 2 | T31: 0 | U31: 0 | V31: 0 | W31: =IF(S31>0,1-(T31+U31+V31),0) -> 1
A32: д-р Златина Михайлова | B32: No | C32: https://ras.nacid.bg/dissertation-preview/65111 | E32: Ас. | F32: Желю Дечев Владимиров | G32: Ия Тодорова Петкова-Гурбалова | H32: BA | I32: YES | J32: 0 | K32: 44474 | L32: 45681 | M32: NO | N32: NO | O32: =IF(I32="YES",1,0) -> 1 | P32: =IF(I32="YES",IF(L32-K32<365,1,0),0) -> 0 | Q32: =K32-L32 -> -1207 | R32: 0 | S32: 0 | T32: 0 | U32: 0 | V32: 0 | W32: =IF(S32>0,1-(T32+U32+V32),0) -> 0
A33: д-р Николета Войнова | B33: https://www.uni-sofia.bg/index.php/bul/content/download/336781/2169050/version/1/file/1.2.+%D0%9D%D0%B8%D0%BA%D0%BE%D0%BB%D0%B5%D1%82%D0%B0+%D0%92%D0%BE%D0%B9%D0%BD%D0%BE%D0%B2%D0%B0-CV-BG-2025.doc | C33: https://ras.nacid.bg/dissertation-preview/73965 | E33: Ас. | F33: Георги Н. Георгиев | G33: Слави М. Славов | H33: BA | I33: NO | J33: 0 | K33: 46028 | L33: 45895 | M33: YES | N33: NO | O33: =IF(I33="YES",1,0) -> 0 | P33: =IF(I33="YES",IF(L33-K33<365,1,0),0) -> 0 | Q33: =K33-L33 -> 133 | R33: 0 | S33: 0 | T33: 0 | U33: 0 | V33: 0 | W33: =IF(S33>0,1-(T33+U33+V33),0) -> 0
A34: Жанет Найденова | B34: https://www.linkedin.com/in/janetnaidenova/ | C34: https://ras.nacid.bg/dissertation-preview/66490 | E34: Ас. | F34: Retired, never did a PHD | G34: Retired, never did a PHD | H34: BA | I34: YES | J34: 0 | K34: =L34+365*5 -> 47026 | L34: 45201 | M34: NO | N34: NO | O34: =IF(I34="YES",1,0) -> 1 | P34: =IF(I34="YES",IF(L34-K34<365,1,0),0) -> 1 | Q34: =K34-L34 -> 1825 | R34: 0 | S34: 0 | T34: 0 | U34: 0 | V34: 0 | W34: =IF(S34>0,1-(T34+U34+V34),0) -> 0
A35: Ния Колева-Иванова | B35: No | C35: https://ras.nacid.bg/dissertation-preview/75999 | E35: Ас. | F35: Is not doing a PHD | G35: Is not doing a PHD | H35: BA | I35: YES | J35: 0 | K35: =365*5+L35 -> 47405 | L35: 45580 | M35: NO | N35: NO | O35: =IF(I35="YES",1,0) -> 1 | P35: =IF(I35="YES",IF(L35-K35<365,1,0),0) -> 1 | Q35: =K35-L35 -> 1825 | R35: 0 | S35: 0 | T35: 0 | U35: 0 | V35: 0 | W35: =IF(S35>0,1-(T35+U35+V35),0) -> 0
A36: Теодор Даскалов | B36: https://www.uni-sofia.bg/index.php/bul/universitet_t/fakulteti/stopanski_fakultet/katedri_i_akademichen_s_stav/katedri/stopansko_upravlenie/prepodavateli_katedra_stopansko_upravlenie/as_teodor_daskalov | E36: Ас. | F36: Невяна Кръстева | G36: N/a | H36: BA | I36: YES | J36: 1 | K36: =L36+365*5 -> 47405 | L36: 45580 | M36: NO | N36: NO | O36: =IF(I36="YES",1,0) -> 1 | P36: =IF(I36="YES",IF(L36-K36<365,1,0),0) -> 1 | Q36: =K36-L36 -> 1825 | R36: 0 | S36: 0 | T36: 0 | U36: 0 | V36: 0 | W36: =IF(S36>0,1-(T36+U36+V36),0) -> 0
A37: д-р Божидар Недев | C37: https://ras.nacid.bg/dissertation-preview/49158 | D37: https://www.scopus.com/authid/detail.uri?authorId=57205149916&origin=resultslist | E37: Доц. | F37: Теодор Седларски | G37: Стефан Петранов | H37: FA | I37: YES | J37: 1 | K37: 43521 | L37: 42314 | M37: NO | N37: NO | O37: =IF(I37="YES",1,0) -> 1 | P37: =IF(I37="YES",IF(L37-K37<365,1,0),0) -> 1 | Q37: =K37-L37 -> 1207 | R37: 1 | S37: 7 | T37: 0.143 | U37: 0.143 | V37: 0.714 | W37: =IF(S37>0,1-(T37+U37+V37),0) -> 0
A38: д-р Виктор Йоцов | C38: https://ras.nacid.bg/dissertation-preview/28176 | D38: https://www.scopus.com/authid/detail.uri?authorId=57192208329&origin=resultslist | E38: Проф. | F38: Гарабед Минасян | G38: Васил Тодоров | H38: FA | I38: NO | J38: 1 | K38: 37277 | L38: 45210 | M38: YES | N38: NO | O38: =IF(I38="YES",1,0) -> 0 | P38: =IF(I38="YES",IF(L38-K38<365,1,0),0) -> 0 | Q38: =K38-L38 -> -7933 | R38: 0 | S38: 8 | T38: 0 | U38: 0.333 | V38: 0.333 | W38: =IF(S38>0,1-(T38+U38+V38),0) -> 0.334
A39: д-р Елеонора Станчева | C39: https://ras.nacid.bg/dissertation-preview/29943 | D39: https://www.scopus.com/authid/detail.uri?authorId=57222472604&origin=resultslist | E39: Проф. | F39: Катерина Караиванова | G39: Коста Пергелов | H39: FA | I39: YES | J39: 0 | K39: 39357 | L39: 42317 | M39: NO | N39: NO | O39: =IF(I39="YES",1,0) -> 1 | P39: =IF(I39="YES",IF(L39-K39<365,1,0),0) -> 0 | Q39: =K39-L39 -> -2960 | R39: 0 | S39: 7 | T39: 0 | U39: 0 | V39: 1 | W39: =IF(S39>0,1-(T39+U39+V39),0) -> 0
A40: д-р Надя Велинова - Соколова | C40: https://ras.nacid.bg/dissertation-preview/25819 | D40: https://www.scopus.com/results/results.uri?sort=plf-f&src=s&st1=Sokolova&st2=Nadya&nlo=1&nlr=20&nls=count-f&sid=97ce249b9c7b914a4acd930399e81b2c&sot=anl&sdt=aut&sl=45&s=AU-ID%28%22Velinova-Sokolova%2C+Nadya%22+58535771500%29&txGid=7653ab75b76795bf2947a8b540d62b41&sessionSearchId=97ce249b9c7b914a4acd930399e81b2c&limit=10 | E40: Проф. | F40: Иван Попчев | G40: Дочо Дочев | H40: FA | I40: NO | J40: 0 | K40: 39924 | L40: 40327 | M40: NO | N40: YES | O40: =IF(I40="YES",1,0) -> 0 | P40: =IF(I40="YES",IF(L40-K40<365,1,0),0) -> 0 | Q40: =K40-L40 -> -403 | R40: 0 | S40: 1 | T40: 0 | U40: 0 | V40: 0 | W40: =IF(S40>0,1-(T40+U40+V40),0) -> 1
A41: д-р Адриан Маринчев | C41: https://ras.nacid.bg/dissertation-preview/41407 | E41: Доц. | F41: Стоян Димитров Стоянов | G41: Иван Душанов Иванов | H41: FA | I41: NO | J41: 1 | K41: 41712 | L41: 42438 | M41: NO | N41: YES | O41: =IF(I41="YES",1,0) -> 0 | P41: =IF(I41="YES",IF(L41-K41<365,1,0),0) -> 0 | Q41: =K41-L41 -> -726 | R41: 0 | S41: 0 | T41: 0 | U41: 0 | V41: 0 | W41: =IF(S41>0,1-(T41+U41+V41),0) -> 0
A42: д-р Банчо Банов | B42: https://www.uni-sofia.bg/index.php/bul/content/download/157470/1126121/version/1/file/recenzia_prof_Vidolova.pdf | C42: https://ras.nacid.bg/dissertation-preview/37795 | E42: Доц. | F42: No info | G42: Никола Чонов | H42: FA | I42: YES | J42: 1 | K42: 40294 | L42: 38442 | M42: NO | N42: NO INFO | O42: =IF(I42="YES",1,0) -> 1 | P42: =IF(I42="YES",IF(L42-K42<365,1,0),0) -> 1 | Q42: =K42-L42 -> 1852 | R42: 0 | S42: 0 | T42: 0 | U42: 0 | V42: 0 | W42: =IF(S42>0,1-(T42+U42+V42),0) -> 0
A43: д-р Илияна Анкова | C43: https://ras.nacid.bg/dissertation-preview/38723 | E43: Доц. | F43: Георги Чобанов | G43: Желю Владимиров | H43: FA | I43: YES | J43: 0 | K43: 40897 | L43: 37957 | M43: NO | N43: NO | O43: =IF(I43="YES",1,0) -> 1 | P43: 1 | Q43: 2940 | R43: 0 | S43: 0 | T43: 0 | U43: 0 | V43: 0 | W43: =IF(S43>0,1-(T43+U43+V43),0) -> 0
A44: д-р Марселен Йовоган | C44: https://ras.nacid.bg/dissertation-preview/12108 | D44: https://www.scopus.com/authid/detail.uri?authorId=60231437300&origin=resultslist | E44: Доц. | F44: Иван Брешков | G44: Кольо Рачев | H44: FA | I44: NO | J44: 1 | K44: 37417 | L44: 40875 | M44: YES | N44: NO | O44: =IF(I44="YES",1,0) -> 0 | P44: =IF(I44="YES",IF(L44-K44<365,1,0),0) -> 0 | Q44: =K44-L44 -> -3458 | R44: 0 | S44: 2 | T44: 0 | U44: 0 | V44: 0 | W44: =IF(S44>0,1-(T44+U44+V44),0) -> 1
A45: д-р Георги Ганев | C45: https://ras.nacid.bg/dissertation-preview/43381 | D45: https://www.scopus.com/authid/detail.uri?authorId=24499423500&origin=resultslist | E45: Гл. ас. | F45: Уилям Барнет | G45: Стивън Фазари | H45: FA | I45: NO | J45: 1 | K45: 42174 | L45: 37700 | M45: NO | N45: NO | O45: =IF(I45="YES",1,0) -> 0 | P45: =IF(I45="YES",IF(L45-K45<365,1,0),0) -> 0 | Q45: =K45-L45 -> 4474 | R45: 1 | S45: 9 | T45: 0 | U45: 0 | V45: 0 | W45: =IF(S45>0,1-(T45+U45+V45),0) -> 1
A46: д-р Стойко Митов | B46: https://www.uni-sofia.bg/index.php/bul/universitet_t/fakulteti/stopanski_fakultet/katedri_i_akademichen_s_stav/katedri/finansi_i_schetovodstvo/prepodavateli_katedra_finansi_i_schetovodstvo/gl_as_d_r_stojko_mitov | C46: https://ras.nacid.bg/dissertation-preview/48035 | E46: Гл. ас. | F46: Теодор Седларски | G46: Теодор Седларски | H46: FA | I46: YES | J46: 1 | K46: 43378 | L46: 43416 | M46: NO | N46: NO | O46: =IF(I46="YES",1,0) -> 1 | P46: =IF(I46="YES",IF(L46-K46<365,1,0),0) -> 1 | Q46: =K46-L46 -> -38 | R46: 0 | S46: 0 | T46: 0 | U46: 0 | V46: 0 | W46: =IF(S46>0,1-(T46+U46+V46),0) -> 0
A47: д-р Николай Кацарски | C47: https://ras.nacid.bg/dissertation-preview/46144 | D47: https://www.scopus.com/authid/detail.uri?authorId=57210931495&origin=resultslist | E47: Гл. ас. | F47: Стоян Димитров Стоянов | G47: Стоян Димитров Стоянов | H47: FA | I47: NO | J47: 1 | K47: 42907 | L47: 43368 | M47: NO | N47: YES | O47: =IF(I47="YES",1,0) -> 0 | P47: =IF(I47="YES",IF(L47-K47<365,1,0),0) -> 0 | Q47: =K47-L47 -> -461 | R47: 0 | S47: 10 | T47: 0.1 | U47: 0 | V47: 0 | W47: =IF(S47>0,1-(T47+U47+V47),0) -> 0.9
A48: д-р Марио Касабов | C48: https://ras.nacid.bg/dissertation-preview/46482 | E48: Гл. ас. | F48: Димитър Ненков Ненков | G48: Богомил Борисов Манов | H48: FA | I48: NO | J48: 1 | K48: 43011 | L48: 44844 | M48: YES | N48: YES | O48: =IF(I48="YES",1,0) -> 0 | P48: =IF(I48="YES",IF(L48-K48<365,1,0),0) -> 0 | Q48: =K48-L48 -> -1833 | R48: 0 | S48: 0 | T48: 0 | U48: 0 | V48: 0 | W48: =IF(S48>0,1-(T48+U48+V48),0) -> 0
A49: Велин Филипов | C49: https://ras.nacid.bg/dissertation-preview/58774 | E49: Ас. | F49: No info | G49: N/a | H49: FA | I49: YES | J49: 1 | K49: =L49+365*4 -> 47390 | L49: 45930 | M49: NO | N49: NO | O49: =IF(I49="YES",1,0) -> 1 | P49: =IF(I49="YES",IF(L49-K49<365,1,0),0) -> 1 | Q49: =K49-L49 -> 1460 | R49: 0 | S49: 0 | T49: 0 | U49: 0 | V49: 0 | W49: =IF(S49>0,1-(T49+U49+V49),0) -> 0
A50: Данаил Гушев | C50: https://ras.nacid.bg/dissertation-preview/74742 | E50: Ас. | F50: Марселен Йовоган? | G50: N/a | H50: FA | I50: YES | J50: 1 | K50: =L50+365*4 -> 47390 | L50: 45930 | M50: NO | N50: NO | O50: =IF(I50="YES",1,0) -> 1 | P50: =IF(I50="YES",IF(L50-K50<365,1,0),0) -> 1 | Q50: =K50-L50 -> 1460 | R50: 0 | S50: 0 | T50: 0 | U50: 0 | V50: 0 | W50: =IF(S50>0,1-(T50+U50+V50),0) -> 0
A51: д-р Марина Стефанова | C51: https://ras.nacid.bg/dissertation-preview/44548 | D51: https://www.scopus.com/authid/detail.uri?authorId=57712866000&origin=resultslist | E51: Доц. | F51: Желю Дечев Владимиров | G51: Цветан Първанов Давидков | H51: ESG | I51: YES | J51: 0 | K51: 42551 | L51: 44845 | M51: NO | N51: NO | O51: =IF(I51="YES",1,0) -> 1 | P51: =IF(I51="YES",IF(L51-K51<365,1,0),0) -> 0 | Q51: =K51-L51 -> -2294 | R51: 2 | S51: 6 | T51: 0.5 | U51: 0 | V51: 0 | W51: =IF(S51>0,1-(T51+U51+V51),0) -> 0.5
A52: д.ик.н. Антон Герунов | C52: https://ras.nacid.bg/dissertation-preview/42668 | D52: https://www.scopus.com/authid/detail.uri?authorId=57190254975&origin=resultslist | E52: Проф. | F52: Георги Димитров Менгов | G52: Стефан Христов Петранов | H52: ESG | I52: YES | J52: 1 | K52: 42094 | L52: 41515 | M52: NO | N52: NO | O52: =IF(I52="YES",1,0) -> 1 | P52: =IF(I52="YES",IF(L52-K52<365,1,0),0) -> 1 | Q52: =K52-L52 -> 579 | R52: 0 | S52: 20 | T52: 0 | U52: 0 | V52: 0.188 | W52: =IF(S52>0,1-(T52+U52+V52),0) -> 0.812
A53: д.ик.н. Соня Милева - Божанова | C53: https://ras.nacid.bg/dissertation-preview/3870 | D53: https://www.scopus.com/authid/detail.uri?authorId=57225962033&origin=resultslist | E53: Проф. | F53: Манол Рибов | G53: Ангел Геров | H53: ESG | I53: NO | J53: 0 | K53: 37979 | L53: 38050 | M53: YES | N53: NO | O53: =IF(I53="YES",1,0) -> 0 | P53: =IF(I53="YES",IF(L53-K53<365,1,0),0) -> 0 | Q53: =K53-L53 -> -71 | R53: 2 | S53: 18 | T53: 0.154 | U53: 0.077 | V53: 0.462 | W53: =IF(S53>0,1-(T53+U53+V53),0) -> 0.307
A54: д-р Георги Менгов | C54: https://ras.nacid.bg/dissertation-preview/16828 | D54: https://www.scopus.com/authid/detail.uri?authorId=15070754700&origin=resultslist | E54: Проф. | F54: Георги Сотиров | G54: Стефан Хаджитодоров | H54: ESG | I54: NO | J54: 1 | K54: 37069 | L54: 38582 | M54: YES | N54: NO | O54: =IF(I54="YES",1,0) -> 0 | P54: =IF(I54="YES",IF(L54-K54<365,1,0),0) -> 0 | Q54: =K54-L54 -> -1513 | R54: 0 | S54: 26 | T54: 0 | U54: 0.167 | V54: 0.389 | W54: =IF(S54>0,1-(T54+U54+V54),0) -> 0.444
A55: д-р Светлана Бялкова | C55: https://ras.nacid.bg/dissertation-preview/74494 | D55: https://www.scopus.com/authid/detail.uri?authorId=36247103900&origin=resultslist | E55: Проф. | F55: Дж. Шриеферс | G55: X. Дeккерс | H55: ESG | I55: NO | J55: 0 | K55: 39741 | L55: 45658 | N55: NO | O55: =IF(I55="YES",1,0) -> 0 | P55: =IF(I55="YES",IF(L55-K55<365,1,0),0) -> 0 | Q55: =K55-L55 -> -5917 | R55: 6 | S55: 24 | T55: 0.267 | U55: 0.067 | V55: 0.4 | W55: =IF(S55>0,1-(T55+U55+V55),0) -> 0.266
A56: д-р Теодора Георгиева | C56: https://ras.nacid.bg/dissertation-preview/3450 | D56: https://www.scopus.com/authid/detail.uri?authorId=58704936100&origin=resultslist | E56: Проф. | F56: Димитър Панайотов | G56: Ангел Геров | H56: ESG | I56: NO | J56: 0 | K56: 38096 | L56: 44669 | M56: YES | N56: NO | O56: =IF(I56="YES",1,0) -> 0 | P56: =IF(I56="YES",IF(L56-K56<365,1,0),0) -> 0 | Q56: =K56-L56 -> -6573 | R56: 1 | S56: 8 | T56: 0.167 | U56: 0.5 | V56: 0.333 | W56: =IF(S56>0,1-(T56+U56+V56),0) -> 0
A57: д-р Фантина Рангелова | C57: https://ras.nacid.bg/dissertation-preview/3699 | D57: https://www.scopus.com/authid/detail.uri?authorId=14629311300&origin=resultslist | E57: Проф. | F57: Димитър Паничков | G57: Гочо Гочев | H57: ESG | I57: NO | J57: 0 | K57: 38009 | L57: 45532 | O57: =IF(I57="YES",1,0) -> 0 | P57: =IF(I57="YES",IF(L57-K57<365,1,0),0) -> 0 | Q57: =K57-L57 -> -7523 | R57: 0 | S57: 5 | T57: 0 | U57: 0 | V57: 1 | W57: =IF(S57>0,1-(T57+U57+V57),0) -> 0
A58: д-р Атанас Георгиев - декан | C58: https://ras.nacid.bg/dissertation-preview/44549 | D58: https://www.scopus.com/authid/detail.uri?authorId=35092436400&origin=resultslist | E58: Доц. | F58: Георги Чобанов | G58: Антоанета Симова | H58: ESG | I58: YES | J58: 1 | K58: 42551 | L58: 39407 | O58: =IF(I58="YES",1,0) -> 1 | P58: =IF(I58="YES",IF(L58-K58<365,1,0),0) -> 1 | Q58: =K58-L58 -> 3144 | R58: 0 | S58: 13 | T58: 0.5 | U58: 0 | V58: 0.5 | W58: =IF(S58>0,1-(T58+U58+V58),0) -> 0
A59: д-р Дияна Нетова | B59: https://www.uni-sofia.bg/index.php/bul/content/download/56785/466534/version/1/file/CV-DianaBoyadzhieva.pdf | C59: https://ras.nacid.bg/dissertation-preview/37622 | D59: https://www.scopus.com/authid/detail.uri?authorId=60076255400&origin=resultslist | E59: Доц. | F59: Красимир Атанасов | G59: Иван Попчев | H59: ESG | I59: YES | J59: 0 | K59: 40542 | L59: 35478 | O59: =IF(I59="YES",1,0) -> 1 | P59: =IF(I59="YES",IF(L59-K59<365,1,0),0) -> 1 | Q59: =K59-L59 -> 5064 | R59: 0 | S59: 1 | T59: 0 | U59: 0 | V59: 0 | W59: =IF(S59>0,1-(T59+U59+V59),0) -> 1
A60: д-р Савина Михайлова-Големинова | B60: https://www.uni-sofia.bg/index.php/eng/content/download/247132/1631213/version/1/file/Savina_CV_BG.pdf | C60: https://ras.nacid.bg/dissertation-preview/42256 | D60: https://www.scopus.com/results/results.uri?sort=plf-f&src=s&st1=Goleminova&st2=Savina&nlo=1&nlr=20&nls=count-f&sid=38adc4f08307de6028215e1979e4975a&sot=anl&sdt=aut&sl=49&s=AU-ID%28%22Mihaylova-Goleminova%2C+Savina%22+58983015100%29&txGid=170904c5eac818bce1788a3779ac3249&sessionSearchId=38adc4f08307de6028215e1979e4975a&limit=10 | E60: Доц. | F60: Проф. д-р Сашо Георгиев Пенов | G60: Доц. д-р Юрий Страшимиров Кучев | H60: ESG | I60: NO | J60: 0 | K60: 41774 | L60: 44144 | M60: YES | N60: NO | O60: =IF(I60="YES",1,0) -> 0 | P60: =IF(I60="YES",IF(L60-K60<365,1,0),0) -> 0 | Q60: =K60-L60 -> -2370 | R60: 0 | S60: 1 | T60: 0 | U60: 0 | V60: 0 | W60: =IF(S60>0,1-(T60+U60+V60),0) -> 1
A61: д-р Десислава Калчева | C61: https://ras.nacid.bg/dissertation-preview/44792 | E61: Доц. | F61: Пресияна Стойкова Ненкова | G61: Пресияна Стойкова Ненкова | H61: ESG | I61: NO | J61: 0 | K61: 42653 | L61: 44917 | M61: NO | N61: YES | O61: =IF(I61="YES",1,0) -> 0 | P61: =IF(I61="YES",IF(L61-K61<365,1,0),0) -> 0 | Q61: =K61-L61 -> -2264 | R61: 0 | S61: 0 | T61: 0 | U61: 0 | V61: 0 | W61: =IF(S61>0,1-(T61+U61+V61),0) -> 0
A62: д-р Емил Митов | C62: https://ras.nacid.bg/dissertation-preview/27528 | E62: Гл. ас. | F62: Лиляна Павлова | G62: Стефан Ангелов Симеонов | H62: ESG | I62: NO | J62: 1 | K62: 39678 | L62: 40422 | M62: NO | N62: NO | O62: =IF(I62="YES",1,0) -> 0 | P62: =IF(I62="YES",IF(L62-K62<365,1,0),0) -> 0 | Q62: =K62-L62 -> -744 | R62: 0 | S62: 0 | T62: 0 | U62: 0 | V62: 0 | W62: =IF(S62>0,1-(T62+U62+V62),0) -> 0
A63: д-р Ивайло Найденов | C63: https://ras.nacid.bg/dissertation-preview/47260 | D63: https://www.scopus.com/authid/detail.uri?authorId=57222542931&origin=resultslist | E63: Гл. ас. | F63: Калин Боянов Филипов | G63: Бончо Иванов Бонев | H63: ESG | I63: NO | J63: 1 | K63: 43185 | L63: 46030 | M63: YES | N63: NO | O63: =IF(I63="YES",1,0) -> 0 | P63: =IF(I63="YES",IF(L63-K63<365,1,0),0) -> 0 | Q63: =K63-L63 -> -2845 | R63: 0 | S63: 2 | T63: 0 | U63: 0 | V63: 1 | W63: =IF(S63>0,1-(T63+U63+V63),0) -> 0
A64: д-р Мария Трифонова | C64: https://ras.nacid.bg/dissertation-preview/48802 | D64: https://www.scopus.com/authid/detail.uri?authorId=57971783000&origin=resultslist | E64: Гл. ас. | F64: Анастасия Миланова Бънкова | G64: Атанас Димитров Георгиев | H64: ESG | I64: YES | J64: 0 | K64: 44540 | L64: 43546 | M64: NO | N64: NO | O64: =IF(I64="YES",1,0) -> 1 | P64: =IF(I64="YES",IF(L64-K64<365,1,0),0) -> 1 | Q64: =K64-L64 -> 994 | R64: 0 | S64: 4 | T64: 0.75 | U64: 0 | V64: 0 | W64: =IF(S64>0,1-(T64+U64+V64),0) -> 0.25
A65: д-р Мартина Арабаджиева | C65: https://ras.nacid.bg/dissertation-preview/46168 | D65: https://www.scopus.com/authid/detail.uri?authorId=57224570337&origin=resultslist | E65: Гл. ас. | F65: Албена Вуцова | G65: Мария Стойчева | H65: ESG | I65: YES | J65: 0 | K65: 42901 | L65: 44685 | M65: NO | N65: NO | O65: =IF(I65="YES",1,0) -> 1 | P65: =IF(I65="YES",IF(L65-K65<365,1,0),0) -> 0 | Q65: =K65-L65 -> -1784 | R65: 0 | S65: 7 | T65: 0 | U65: 0 | V65: 1 | W65: =IF(S65>0,1-(T65+U65+V65),0) -> 0
A66: д-р Петър Ташев | C66: https://ras.nacid.bg/dissertation-preview/45899 | E66: Гл. ас. | F66: Желю Владимиров | G66: Цветан Давидков | H66: ESG | I66: YES | J66: 1 | K66: 42860 | L66: 44508 | M66: NO | N66: NO | O66: =IF(I66="YES",1,0) -> 1 | P66: =IF(I66="YES",IF(L66-K66<365,1,0),0) -> 0 | Q66: =K66-L66 -> -1648 | R66: 0 | S66: 0 | T66: 0 | U66: 0 | V66: 0 | W66: =IF(S66>0,1-(T66+U66+V66),0) -> 0
A67: д-р Рени Панчева | C67: https://ras.nacid.bg/dissertation-preview/75878 | D67: https://www.scopus.com/results/results.uri?sort=plf-f&src=s&st1=&st2=&nlo=1&nlr=20&nls=count-f&sid=45457dba89d0aff3e5cf702414294e58&sot=anl&sdt=aut&sl=36&s=AU-ID%28%22Pantcheva%2C+Reni%22+58000918800%29&txGid=3ce1f4c94a1da5dbc68a1b20269d7721&sessionSearchId=45457dba89d0aff3e5cf702414294e58&limit=10 | E67: Ас. | F67: Георги Димитров Менгов | G67: Антон Антонов Герунов | H67: ESG | I67: YES | J67: 0 | K67: 45575 | L67: 45551 | M67: NO | N67: NO | O67: =IF(I67="YES",1,0) -> 1 | P67: =IF(I67="YES",IF(L67-K67<365,1,0),0) -> 1 | Q67: =K67-L67 -> 24 | R67: 0 | S67: 3 | T67: 0 | U67: 0 | V67: 0.333 | W67: =IF(S67>0,1-(T67+U67+V67),0) -> 0.667
A68: Васил Караиванов | C68: https://ras.nacid.bg/dissertation-preview/58843 | E68: Ас. | F68: No info | G68: N/a | H68: ESG | I68: YES | J68: 1 | K68: UNKNOWN | L68: 40339 | M68: NO | N68: NO | O68: =IF(I68="YES",1,0) -> 1 | P68: 1 | Q68: =K68-L68 -> #VALUE! | R68: 0 | S68: 0 | T68: 0 | U68: 0 | V68: 0 | W68: =IF(S68>0,1-(T68+U68+V68),0) -> 0
A69: Доц. д-р Николай Нетов | C69: https://ras.nacid.bg/dissertation-preview/43161 | D69: https://www.scopus.com/authid/detail.uri?authorId=36550498900&origin=resultslist | E69: Доц. | F69: Боян Михайлов Ломев | G69: Георги Савов Чобанов | H69: Econometrics and statistics | I69: YES | J69: 1 | K69: 42205 | L69: 37224 | M69: NO | N69: NO | O69: =IF(I69="YES",1,0) -> 1 | P69: =IF(I69="YES",IF(L69-K69<365,1,0),0) -> 1 | Q69: =K69-L69 -> 4981 | R69: 0 | S69: 14 | T69: 0 | U69: 0 | V69: 1 | W69: =IF(S69>0,1-(T69+U69+V69),0) -> 0
A70: Проф. д.м.н. Иван Иванов | C70: https://ras.nacid.bg/dissertation-preview/30038 | D70: https://www.scopus.com/authid/detail.uri?authorId=16202986300&origin=resultslist | E70: Проф. | F70: М. Петков | G70: М. Касчиев | H70: Econometrics and statistics | I70: NO | J70: 1 | K70: 34140 | L70: 40525 | M70: YES | N70: NO | O70: =IF(I70="YES",1,0) -> 0 | P70: =IF(I70="YES",IF(L70-K70<365,1,0),0) -> 0 | Q70: =K70-L70 -> -6385 | R70: 21 | S70: 98 | T70: 0.63 | U70: 0.13 | V70: 0.217 | W70: =IF(S70>0,1-(T70+U70+V70),0) -> 0.023
A71: Проф. д-р Камен Спасов | C71: https://ras.nacid.bg/dissertation-preview/3857 | D71: https://www.scopus.com/authid/detail.uri?authorId=57950282900&origin=resultslist | E71: Проф. | F71: Минчо Халжийски | G71: Гео Гатев | H71: Econometrics and statistics | I71: NO | J71: 1 | K71: 33940 | L71: 43630 | M71: NO | N71: NO | O71: =IF(I71="YES",1,0) -> 0 | P71: =IF(I71="YES",IF(L71-K71<365,1,0),0) -> 0 | Q71: =K71-L71 -> -9690 | R71: 1 | S71: 34 | T71: 0.567 | U71: 0.233 | V71: 0.2 | W71: =IF(S71>0,1-(T71+U71+V71),0) -> 0
A72: Проф. д-р Деян Радев | C72: https://ras.nacid.bg/dissertation-preview/66176 | D72: https://www.scopus.com/authid/detail.uri?authorId=57225924071&origin=resultslist | E72: Проф. | F72: Изабел Шнабел | G72: Михаел Биндер | H72: Econometrics and statistics | I72: NO | J72: 1 | K72: 41467 | L72: 43875 | M72: NO | N72: NO | O72: =IF(I72="YES",1,0) -> 0 | P72: =IF(I72="YES",IF(L72-K72<365,1,0),0) -> 0 | Q72: =K72-L72 -> -2408 | R72: 2 | S72: 19 | T72: 0.067 | U72: 0.067 | V72: 0 | W72: =IF(S72>0,1-(T72+U72+V72),0) -> 0.866
A73: Доц. д-р Ангел А. Марчев | C73: https://ras.nacid.bg/dissertation-preview/9802 | D73: https://www.scopus.com/authid/detail.uri?authorId=36809857600&origin=resultslist | E73: Доц. | F73: Ангел Ангелов Марчев | G73: Мая Ламбовска | H73: Econometrics and statistics | I73: NO | J73: 1 | K73: 40952 | L73: 43471 | M73: YES | N73: YES | O73: =IF(I73="YES",1,0) -> 0 | P73: =IF(I73="YES",IF(L73-K73<365,1,0),0) -> 0 | Q73: =K73-L73 -> -2519 | R73: 0 | S73: 27 | T73: 0.071 | U73: 0.143 | V73: 0.571 | W73: =IF(S73>0,1-(T73+U73+V73),0) -> 0.215
A74: Доц. д-р Андрей Василев | C74: https://ras.nacid.bg/dissertations-search | D74: https://www.scopus.com/authid/detail.uri?authorId=23991773400&origin=resultslist | E74: Доц. | F74: Иордан Йорданов | G74: Тодор Рачев Гичев | H74: Econometrics and statistics | I74: NO | J74: 1 | K74: 39681 | L74: 44851 | M74: YES | N74: NO | O74: =IF(I74="YES",1,0) -> 0 | P74: =IF(I74="YES",IF(L74-K74<365,1,0),0) -> 0 | Q74: =K74-L74 -> -5170 | R74: 0 | S74: 9 | T74: 0.167 | U74: 0.833 | V74: 0 | W74: =IF(S74>0,1-(T74+U74+V74),0) -> 0
A75: Доц. д-р Боряна Пелова | C75: https://ras.nacid.bg/dissertation-preview/42155 | D75: https://www.scopus.com/authid/detail.uri?authorId=55279824500&origin=resultslist | E75: Доц. | F75: Иван Ганчев Иванов | G75: Ралица Симеонова-Ганева | H75: Econometrics and statistics | I75: YES | J75: 0 | K75: 41974 | L75: 42146 | M75: NO | N75: NO | O75: =IF(I75="YES",1,0) -> 1 | P75: =IF(I75="YES",IF(L75-K75<365,1,0),0) -> 1 | Q75: =K75-L75 -> -172 | R75: 2 | S75: 21 | T75: 0.118 | U75: 0.059 | V75: 0.765 | W75: =IF(S75>0,1-(T75+U75+V75),0) -> 0.058
A76: Доц. д-р Боян Ломев | C76: https://ras.nacid.bg/dissertation-preview/29843 | D76: https://www.scopus.com/authid/detail.uri?authorId=36872387300&origin=resultslist | E76: Доц. | F76: Ангел Марчев | H76: Econometrics and statistics | I76: YES | J76: 1 | K76: 39244 | L76: 34918 | M76: NO | N76: NO | O76: =IF(I76="YES",1,0) -> 1 | P76: =IF(I76="YES",IF(L76-K76<365,1,0),0) -> 1 | Q76: =K76-L76 -> 4326 | R76: 0 | S76: 7 | T76: 0 | U76: 0 | V76: 1 | W76: =IF(S76>0,1-(T76+U76+V76),0) -> 0
A77: Доц. д-р Калоян Ганев | C77: https://ras.nacid.bg/dissertation-preview/28187 | D77: https://www.scopus.com/authid/detail.uri?authorId=57219180386&origin=resultslist | E77: Доц. | F77: Георги Чобанов | G77: Александър Георгиев Димитров | H77: Econometrics and statistics | I77: YES | J77: 1 | K77: 39272 | L77: 41361 | M77: NO | N77: NO | O77: =IF(I77="YES",1,0) -> 1 | P77: =IF(I77="YES",IF(L77-K77<365,1,0),0) -> 0 | Q77: =K77-L77 -> -2089 | R77: 1 | S77: 15 | T77: 0.091 | U77: 0.364 | V77: 0.455 | W77: =IF(S77>0,1-(T77+U77+V77),0) -> 0.09
A78: Доц. д-р Мариян Милев | C78: https://ras.nacid.bg/dissertation-preview/30969 | D78: https://www.scopus.com/authid/detail.uri?authorId=35119326600&origin=resultslist | E78: Доц. | F78: Алдо Талиани | G78: Паоло Брандимарте | H78: Econometrics and statistics | I78: NO | J78: 1 | K78: 40142 | L78: 45118 | M78: YES | N78: NO | O78: =IF(I78="YES",1,0) -> 0 | P78: =IF(I78="YES",IF(L78-K78<365,1,0),0) -> 0 | Q78: =K78-L78 -> -4976 | R78: 9 | S78: 43 | T78: 0.333 | U78: 0.583 | V78: 0.083 | W78: =IF(S78>0,1-(T78+U78+V78),0) -> 0.001
A79: Доц. д-р Радостин Вазов | C79: https://ras.nacid.bg/dissertation-preview/41863 | D79: https://www.scopus.com/authid/detail.uri?authorId=57694866600&origin=resultslist | E79: Доц. | F79: Янаки Тодоров Андреев | G79: Богомил Борисов Манов | H79: Econometrics and statistics | I79: NO | J79: 1 | K79: 41912 | L79: 45518 | M79: YES | N79: YES | O79: =IF(I79="YES",1,0) -> 0 | P79: =IF(I79="YES",IF(L79-K79<365,1,0),0) -> 0 | Q79: =K79-L79 -> -3606 | R79: 0 | S79: 11 | T79: 0.875 | U79: 0.125 | V79: 0 | W79: =IF(S79>0,1-(T79+U79+V79),0) -> 0
A80: Доц. д-р Ралица Симеонова-Ганева | C80: https://ras.nacid.bg/dissertation-preview/26344 | D80: https://www.scopus.com/authid/detail.uri?authorId=56902560300&origin=resultslist | E80: Доц. | F80: Георги Чобанов | G80: Нигрета Величкова, | H80: Econometrics and statistics | I80: YES | J80: 0 | K80: 39286 | L80: 36333 | M80: NO | N80: NO | O80: =IF(I80="YES",1,0) -> 1 | P80: =IF(I80="YES",IF(L80-K80<365,1,0),0) -> 1 | Q80: =K80-L80 -> 2953 | R80: 2 | S80: 16 | T80: 0.091 | U80: 0.273 | V80: 0.636 | W80: =IF(S80>0,1-(T80+U80+V80),0) -> 0
A81: Гл. ас. д-р Глория Христова | C81: https://ras.nacid.bg/dissertation-preview/67405 | D81: https://www.scopus.com/authid/detail.uri?authorId=57222465481&origin=resultslist | E81: Гл. ас. | F81: Боряна Богданова | G81: Ангел Ангелов Марчев | H81: Econometrics and statistics | I81: YES | J81: 0 | K81: 44844 | L81: 44467 | M81: NO | N81: NO | O81: =IF(I81="YES",1,0) -> 1 | P81: =IF(I81="YES",IF(L81-K81<365,1,0),0) -> 1 | Q81: =K81-L81 -> 377 | R81: 0 | S81: 9 | T81: 0 | U81: 0 | V81: 0.571 | W81: =IF(S81>0,1-(T81+U81+V81),0) -> 0.429
A82: Гл. ас. д-р Деница Гаврилова | C82: https://ras.nacid.bg/dissertation-preview/46598 | D82: https://www.scopus.com/authid/detail.uri?authorId=60071159400&origin=resultslist | E82: Гл. ас. | F82: Проф. д.ик.н Невяна Кръстева | G82: Желю Владимиров | H82: Econometrics and statistics | I82: YES | J82: 0 | K82: 43039 | L82: 45245 | M82: NO | N82: NO | O82: =IF(I82="YES",1,0) -> 1 | P82: =IF(I82="YES",IF(L82-K82<365,1,0),0) -> 0 | Q82: =K82-L82 -> -2206 | R82: 0 | S82: 3 | T82: 0 | U82: 0 | V82: 0 | W82: =IF(S82>0,1-(T82+U82+V82),0) -> 1
A83: Гл. ас. д-р Теодора Върбанова | C83: https://ras.nacid.bg/dissertation-preview/70108 | E83: Гл. ас. | F83: Албена Христова Вуцова | G83: Николай Чудомиров Нетов | H83: Econometrics and statistics | I83: YES | J83: 0 | K83: 43454 | L83: 44523 | M83: NO | N83: NO | O83: =IF(I83="YES",1,0) -> 1 | P83: =IF(I83="YES",IF(L83-K83<365,1,0),0) -> 0 | Q83: =K83-L83 -> -1069 | R83: 0 | S83: 0 | T83: 0 | U83: 0 | V83: 0 | W83: =IF(S83>0,1-(T83+U83+V83),0) -> 0
A84: Гл. ас. д-р Бойко Амаров | C84: https://ras.nacid.bg/dissertation-preview/59414 | D84: https://www.scopus.com/authid/detail.uri?authorId=55847592700&origin=resultslist | E84: Гл. ас. | F84: Иван Ганчев Иванов | G84: Ралица Иванчева Симеонова-Ганева | H84: Econometrics and statistics | I84: YES | J84: 1 | K84: 45184 | L84: 43041 | M84: NO | N84: NO | O84: =IF(I84="YES",1,0) -> 1 | P84: =IF(I84="YES",IF(L84-K84<365,1,0),0) -> 1 | Q84: =K84-L84 -> 2143 | R84: 5 | S84: 8 | T84: 1 | U84: 0 | V84: 0 | W84: =IF(S84>0,1-(T84+U84+V84),0) -> 0
A85: Джеймс Осонду | F85: No info | G85: N/a | H85: Econometrics and statistics

Sheet graph
B1: Economics and finance | C1: Business administration | D1: Finance and accounting | E1: Economics and governance by sectors | F1: Econonmetrics and statistics | G1: Senior Administration | H1: General Assembly | I1: Academic Affairs Committee | J1: Evaluation Committee
A2: AI coefficient | B2: =AVERAGE(main_database!O2:O17) -> 0.625 | C2: =AVERAGE(main_database!O18:O36) -> 0.63157895 | D2: =AVERAGE(main_database!O37:O50) -> 0.5 | E2: =AVERAGE(main_database!O51:O68) -> 0.5 | F2: =AVERAGE(main_database!O69:O84) -> 0.5625 | G2: =AVERAGE('Висша администрация'!B2:B9) -> 0.875 | H2: =AVERAGE('общо събрание'!B2:B31) -> 0.52631579 | I2: =AVERAGE(' Учебната комисия'!B2:B13) -> 0.9 | J2: =AVERAGE('комисия по атестация'!A2:B12) -> 0.71428571
A3: Corrected AI coefficient | B3: =AVERAGE(main_database!P2:P17) -> 0.5625 | C3: =AVERAGE(main_database!P18:P36) -> 0.42105263 | D3: =AVERAGE(main_database!P37:P50) -> 0.42857143 | E3: =AVERAGE(main_database!P51:P68) -> 0.33333333 | F3: =AVERAGE(main_database!P69:P84) -> 0.375 | G3: 0.625 | H3: =AVERAGE('общо събрание'!C2:C31) -> 0.42105263 | I3: =AVERAGE(' Учебната комисия'!C2:C13) -> 0.7 | J3: 0.71428571

Sheet Висша администрация
B1: Indicator
A2: Доц. д-р Атанас Георгиев | B2: 1 | C2: 1
A3: доц д-р Димитър Златинов - Зам.-декан "Учебна дейност" | B3: 1 | C3: 1
A4: доц. д-р Марселен Йовоган - Зам.-декан "Международна дейност и университетско сътрудничество" | B4: 0 | C4: 0
A5: доц. д-р Тодор Ялъмов - Зам.-декан "Научно-изследователската дейност, иновации и проекти" | B5: 1 | C5: =main_database!P24 -> 0
A6: доц. д-р Николай Нетов- Зам.-декан "Дигитална трансформация" | B6: 1 | C6: 1 | D6: https://ras.nacid.bg/dissertation-preview/43161
A7: доц. д-р Иван Ангелов - Зам.-декан "MBA програми и бизнес обучения" | B7: 1 | C7: 1
A8: доц. д-р Марина Стефанова - Зам.-декан "Устойчиво развитие, подкрепа и ангажираност" | B8: 1 | C8: 0
A9: гл.ас. д-р Илия Атанасов - Помощник-декан "Акредитация и рейтинг" | B9: 1 | C9: 1
B10: =AVERAGE(B2:B9) -> 0.875 | C10: =AVERAGE(C2:C9) -> 0.625

Sheet общо събрание
A1: Председател на ОС:
A2: проф. д-р Надя Велинова-Соколова | B2: 0 | C2: 0
A4: Зам.-председател на ОС:
A5: проф. д.н. Десислава Йорданова | B5: 0 | C5: 0
A7: Мандатна комисия
A8: Председател: доц. д-р Марселен Йовоган | B8: 0 | C8: 0
A9: Зам. председател: гл. ас. д-р Глория Христова | B9: 1 | C9: 1
A10: Членове:
A11: 1. доц. д-р Рая Каназирева | B11: 1 | C11: =main_database!P28 -> 0
A12: 2. гл. ас. д-р Илия Атанасов | B12: 1 | C12: 1
A13: 3. гл. ас. д-р Любен Иванов | B13: 1 | C13: 1
A15: Комисия по предложенията за органи на управление на факултета
A16: Председател: проф. д-р Ваня Иванова | B16: 0 | C16: 0
A17: Зам. председател: доц. д-р Божидар Недев | B17: 1 | C17: 1
A18: Членове:
A19: 1. доц. д-р Димитър Златинов | B19: 1 | C19: 1
A20: 2. доц. д-р Андрей Василев | B20: 0 | C20: 0
A21: 3. гл. ас. д-р Алексей Потебня | B21: 1 | C21: 1
A23: Комисия по произвеждане на избори:
A24: Председател: доц. д-р Илияна Анкова | B24: 1 | C24: 1
A25: Зам.-председател: доц. д-р Стела Ралева | B25: 0 | C25: 0
A26: Членове:
A27: 1. доц. д-р Цветан Мадански | B27: 1 | C27: 0
A28: 2. гл. ас. д-р Николай Кацарски | B28: 0 | C28: 0
A29: 3. гл. ас. д-р Емил Митов | B29: 0 | C29: 0
A30: 4. гл. ас. д-р Ирена Младенова | B30: 0 | C30: 0
A31: 5. гл. ас. д-р Бойко Амаров | B31: 1 | C31: 1

Sheet  Учебната комисия
A1: Председател:
A2: доц. д-р Димитър Златинов, Заместник-декан по учебната дейност и ръководител на катедра „Икономика“ | B2: 1 | C2: 1
A4: Членове:
A5: доц. д-р Атанас Георгиев, Декан на Стопанския факултет | B5: 1 | C5: 1
A6: доц. д-р Божидар Недев, ръководител на катедра "Финанси и счетоводство" | B6: 1 | C6: 1
A7: доц. д-р Марина Стефанова, ръководител на катедра "Икономика и управление по отрасли" | B7: 1 | C7: 0
A8: доц. д-р Николай Нетов, ръководител на катедра "Статистика и иконометрия" | B8: 1 | C8: 1
A9: доц. д-р Олимпия Ведър, ръководител на катедра „Стопанско управление“ | B9: 1 | C9: 1
A10: проф. д-р Елеонора Станчева-Тодорова, катедра "Финанси и счетоводство" | B10: 1 | C10: 0
A11: доц. д-р Боряна Пелова, катедра "Статистика и иконометрия" | B11: 1 | C11: 1
A12: доц. д-р Иванка Михайлова, катедра „Стопанско управление“ | B12: 1 | C12: 1
A13: доц. д-р Соня Георгиева, катедра "Икономика" | B13: 0 | C13: 0
A15: Десислава Лещарова, Главен инспектор администрация на Стопанския факултет | B15: 0
A17: Организационен секретар: Мая Тодорова | B17: 0
A18: Всичко | B18: =AVERAGE(B1:B17) -> 0.75
A19: Без научни лица | B19: =AVERAGE(B2:B13) -> 0.9

Sheet комисия по атестация
A1: Председател
A2: проф. д.н. Антон Герунов | B2: 1
A4: Зам.-председател
A5: доц. д-р Стела Ралева | B5: 0
A7: Членове
A8: 1. доц. д-р Божидар Недев | B8: 1
A9: 2. доц. д-р Деян Радев | B9: 0
A10: 3. доц. д-р Ия Петкова | B10: 1
A11: 4. доц. д-р Иванка Михайлова | B11: 1
A12: 5. гл. ас. д-р Глория Христова | B12: 1
B13: =AVERAGE(B2:B12) -> 0.71428571

Sheet Администрация
A1: Главен инспектор Администрация
A2: Десислава Лещарова
A3: Секретар на Стопанския факултет
A4: Маргарита Тодорова
A5: Инспектор Информационни дейности (СУСИ и eLearn)
A6: Мая Тодорова
A7: Инспектор Стопански дейности
A8: Маргарита Драганова
A9: Инспектор Докторанти
A10: Илона Цицелкова
A11: Инспектор Докторанти
A12: Анелия Стефанова
... A36: Боян Петров
